CREATE TABLE SCVNTSECUENCIAS(
	NOMBRESECUENCIA VARCHAR(32),
    VALORSECUENCIA INTEGER,
	PRIMARY KEY(NOMBRESECUENCIA)
);

INSERT INTO SCVNTSECUENCIAS(NOMBRESECUENCIA,VALORSECUENCIA) VALUES('SCVNSECARTICULO', 1);
INSERT INTO SCVNTSECUENCIAS(NOMBRESECUENCIA,VALORSECUENCIA) VALUES('SCVNSECUSUARIO', 2);
INSERT INTO SCVNTSECUENCIAS(NOMBRESECUENCIA,VALORSECUENCIA) VALUES('SCVNSECPERSONA', 1);
INSERT INTO SCVNTSECUENCIAS(NOMBRESECUENCIA,VALORSECUENCIA) VALUES('SCVNSECEMPRESA', 1);
INSERT INTO SCVNTSECUENCIAS(NOMBRESECUENCIA,VALORSECUENCIA) VALUES('SCVNSECCONTACTO', 1);
INSERT INTO SCVNTSECUENCIAS(NOMBRESECUENCIA,VALORSECUENCIA) VALUES('SCVNSECCLIENTE', 1);
INSERT INTO SCVNTSECUENCIAS(NOMBRESECUENCIA,VALORSECUENCIA) VALUES('SCVNSECPEDIDO', 1);
INSERT INTO SCVNTSECUENCIAS(NOMBRESECUENCIA,VALORSECUENCIA) VALUES('SCVNSECDETALLEPEDIDO', 1);
INSERT INTO SCVNTSECUENCIAS(NOMBRESECUENCIA,VALORSECUENCIA) VALUES('SCVNSECESTADOPEDIDO', 1);
INSERT INTO SCVNTSECUENCIAS(NOMBRESECUENCIA,VALORSECUENCIA) VALUES('SCVNSECTRANSPORTISTA', 1);
INSERT INTO SCVNTSECUENCIAS(NOMBRESECUENCIA,VALORSECUENCIA) VALUES('SCVNSECCHOFER', 1);
INSERT INTO SCVNTSECUENCIAS(NOMBRESECUENCIA,VALORSECUENCIA) VALUES('SCVNSECVEHICULO', 1);
INSERT INTO SCVNTSECUENCIAS(NOMBRESECUENCIA,VALORSECUENCIA) VALUES('SCVNSECVEHICULOCHOFER', 1);
INSERT INTO SCVNTSECUENCIAS(NOMBRESECUENCIA,VALORSECUENCIA) VALUES('SCVNSECGUIADESPACHO', 1);
INSERT INTO SCVNTSECUENCIAS(NOMBRESECUENCIA,VALORSECUENCIA) VALUES('SCVNSECGUIADESPACHOPEDIDO', 1);
INSERT INTO SCVNTSECUENCIAS(NOMBRESECUENCIA,VALORSECUENCIA) VALUES('SCVNSECGUIADESPACHOEXTRAS', 1);
INSERT INTO SCVNTSECUENCIAS(NOMBRESECUENCIA,VALORSECUENCIA) VALUES('SCVNSECFACTURACABECERA', 1);
INSERT INTO SCVNTSECUENCIAS(NOMBRESECUENCIA,VALORSECUENCIA) VALUES('SCVNSECFACTURADETALLE', 1);
INSERT INTO SCVNTSECUENCIAS(NOMBRESECUENCIA,VALORSECUENCIA) VALUES('SCVNSECFACTURAVENTAS', 1);
INSERT INTO SCVNTSECUENCIAS(NOMBRESECUENCIA,VALORSECUENCIA) VALUES('SCVNSECFACTURACOMPRAS', 1);
INSERT INTO SCVNTSECUENCIAS(NOMBRESECUENCIA,VALORSECUENCIA) VALUES('SCVNSECFACTURANOTAVENTA', 1);
INSERT INTO SCVNTSECUENCIAS(NOMBRESECUENCIA,VALORSECUENCIA) VALUES('SCVNSECMODULOS', 14);
INSERT INTO SCVNTSECUENCIAS(NOMBRESECUENCIA,VALORSECUENCIA) VALUES('SCVNSECPERFIL', 2);
INSERT INTO SCVNTSECUENCIAS(NOMBRESECUENCIA,VALORSECUENCIA) VALUES('SCVNSECINVETARIO', 1);
INSERT INTO SCVNTSECUENCIAS(NOMBRESECUENCIA,VALORSECUENCIA) VALUES('SCVNSECPROVEEDOR', 1);
INSERT INTO SCVNTSECUENCIAS(NOMBRESECUENCIA,VALORSECUENCIA) VALUES('SCVNSECTRANSACCION', 1);
INSERT INTO SCVNTSECUENCIAS(NOMBRESECUENCIA,VALORSECUENCIA) VALUES('SCVNSECNUMEROFACTURA', 1);
INSERT INTO SCVNTSECUENCIAS(NOMBRESECUENCIA,VALORSECUENCIA) VALUES('SCVNSECPAGOS', 1);
INSERT INTO SCVNTSECUENCIAS(NOMBRESECUENCIA,VALORSECUENCIA) VALUES('SCVNSECGUIADESPACHODETALLE', 1);
INSERT INTO SCVNTSECUENCIAS(NOMBRESECUENCIA,VALORSECUENCIA) VALUES('SCVNSECARTICULOUNIDADMANEJO', 1);
INSERT INTO SCVNTSECUENCIAS(NOMBRESECUENCIA,VALORSECUENCIA) VALUES('SCVNSECVENDEDOR', 1);

CREATE TABLE SCVNTCATALOGOVALOR(
	CODIGOCATALOGOVALOR VARCHAR(3) NOT NULL,
	CODIGOCATALOGOTIPO INTEGER NOT NULL,
	NOMBRECATALOGOVALOR VARCHAR(64) NOT NULL,
	ESTADO VARCHAR(1),
	PRIMARY KEY(CODIGOCATALOGOVALOR,CODIGOCATALOGOTIPO)
);

INSERT INTO SCVNTCATALOGOVALOR(CODIGOCATALOGOVALOR,CODIGOCATALOGOTIPO, NOMBRECATALOGOVALOR, ESTADO) VALUES('ADM', 1, 'ADMINISTRADORES', '1');
INSERT INTO SCVNTCATALOGOVALOR(CODIGOCATALOGOVALOR,CODIGOCATALOGOTIPO, NOMBRECATALOGOVALOR, ESTADO) VALUES('CLI', 1, 'CLIENTES', '1');
INSERT INTO SCVNTCATALOGOVALOR(CODIGOCATALOGOVALOR,CODIGOCATALOGOTIPO, NOMBRECATALOGOVALOR, ESTADO) VALUES('PRI', 2, 'CONTACTO PRINCIPAL', '1');
INSERT INTO SCVNTCATALOGOVALOR(CODIGOCATALOGOVALOR,CODIGOCATALOGOTIPO, NOMBRECATALOGOVALOR, ESTADO) VALUES('EMP', 3, 'EMPRESA', '1');
INSERT INTO SCVNTCATALOGOVALOR(CODIGOCATALOGOVALOR,CODIGOCATALOGOTIPO, NOMBRECATALOGOVALOR, ESTADO) VALUES('PER', 3, 'PERSONA', '1');
INSERT INTO SCVNTCATALOGOVALOR(CODIGOCATALOGOVALOR,CODIGOCATALOGOTIPO, NOMBRECATALOGOVALOR, ESTADO) VALUES('REG', 4, 'REGISTRADO', '1');
INSERT INTO SCVNTCATALOGOVALOR(CODIGOCATALOGOVALOR,CODIGOCATALOGOTIPO, NOMBRECATALOGOVALOR, ESTADO) VALUES('PEN', 4, 'PENDIENTE', '1');
INSERT INTO SCVNTCATALOGOVALOR(CODIGOCATALOGOVALOR,CODIGOCATALOGOTIPO, NOMBRECATALOGOVALOR, ESTADO) VALUES('ENT', 4, 'ENTREGADO', '1');
INSERT INTO SCVNTCATALOGOVALOR(CODIGOCATALOGOVALOR,CODIGOCATALOGOTIPO, NOMBRECATALOGOVALOR, ESTADO) VALUES('CAN', 4, 'CANCELADO', '1');
INSERT INTO SCVNTCATALOGOVALOR(CODIGOCATALOGOVALOR,CODIGOCATALOGOTIPO, NOMBRECATALOGOVALOR, ESTADO) VALUES('LTA', 5, 'LICENCIA TIPO A', '1');
INSERT INTO SCVNTCATALOGOVALOR(CODIGOCATALOGOVALOR,CODIGOCATALOGOTIPO, NOMBRECATALOGOVALOR, ESTADO) VALUES('LTB', 5, 'LICENCIA TIPO B', '1');
INSERT INTO SCVNTCATALOGOVALOR(CODIGOCATALOGOVALOR,CODIGOCATALOGOTIPO, NOMBRECATALOGOVALOR, ESTADO) VALUES('LTC', 5, 'LICENCIA TIPO C', '1');
INSERT INTO SCVNTCATALOGOVALOR(CODIGOCATALOGOVALOR,CODIGOCATALOGOTIPO, NOMBRECATALOGOVALOR, ESTADO) VALUES('LTD', 5, 'LICENCIA TIPO D', '1');
INSERT INTO SCVNTCATALOGOVALOR(CODIGOCATALOGOVALOR,CODIGOCATALOGOTIPO, NOMBRECATALOGOVALOR, ESTADO) VALUES('CPR', 6, 'CHOFER PRINCIPAL', '1');
INSERT INTO SCVNTCATALOGOVALOR(CODIGOCATALOGOVALOR,CODIGOCATALOGOTIPO, NOMBRECATALOGOVALOR, ESTADO) VALUES('CAY', 6, 'CHOFER AYUDANTE', '1');
INSERT INTO SCVNTCATALOGOVALOR(CODIGOCATALOGOVALOR,CODIGOCATALOGOTIPO, NOMBRECATALOGOVALOR, ESTADO) VALUES('CNT', 7, 'CAMIONETA', '1');
INSERT INTO SCVNTCATALOGOVALOR(CODIGOCATALOGOVALOR,CODIGOCATALOGOTIPO, NOMBRECATALOGOVALOR, ESTADO) VALUES('FUR', 7, 'FURGON', '1');
INSERT INTO SCVNTCATALOGOVALOR(CODIGOCATALOGOVALOR,CODIGOCATALOGOTIPO, NOMBRECATALOGOVALOR, ESTADO) VALUES('CAM', 7, 'CAMION', '1');
INSERT INTO SCVNTCATALOGOVALOR(CODIGOCATALOGOVALOR,CODIGOCATALOGOTIPO, NOMBRECATALOGOVALOR, ESTADO) VALUES('AUT', 7, 'AUTOMOVIL', '1');
INSERT INTO SCVNTCATALOGOVALOR(CODIGOCATALOGOVALOR,CODIGOCATALOGOTIPO, NOMBRECATALOGOVALOR, ESTADO) VALUES('VEN', 8, 'VENTA', '1');
INSERT INTO SCVNTCATALOGOVALOR(CODIGOCATALOGOVALOR,CODIGOCATALOGOTIPO, NOMBRECATALOGOVALOR, ESTADO) VALUES('COM', 8, 'COMPRA', '1');
INSERT INTO SCVNTCATALOGOVALOR(CODIGOCATALOGOVALOR,CODIGOCATALOGOTIPO, NOMBRECATALOGOVALOR, ESTADO) VALUES('NTV', 8, 'NOTA VENTA', '1');
INSERT INTO SCVNTCATALOGOVALOR(CODIGOCATALOGOVALOR,CODIGOCATALOGOTIPO, NOMBRECATALOGOVALOR, ESTADO) VALUES('ING', 9, 'INGRESO', '1');
INSERT INTO SCVNTCATALOGOVALOR(CODIGOCATALOGOVALOR,CODIGOCATALOGOTIPO, NOMBRECATALOGOVALOR, ESTADO) VALUES('GAS', 9, 'GASTO', '1');
INSERT INTO SCVNTCATALOGOVALOR(CODIGOCATALOGOVALOR,CODIGOCATALOGOTIPO, NOMBRECATALOGOVALOR, ESTADO) VALUES('UNI', 10, 'UNIDAD', '1');
INSERT INTO SCVNTCATALOGOVALOR(CODIGOCATALOGOVALOR,CODIGOCATALOGOTIPO, NOMBRECATALOGOVALOR, ESTADO) VALUES('PAQ', 10, 'PAQUETE', '1');
INSERT INTO SCVNTCATALOGOVALOR(CODIGOCATALOGOVALOR,CODIGOCATALOGOTIPO, NOMBRECATALOGOVALOR, ESTADO) VALUES('ATA', 10, 'ATADO', '1');
INSERT INTO SCVNTCATALOGOVALOR(CODIGOCATALOGOVALOR,CODIGOCATALOGOTIPO, NOMBRECATALOGOVALOR, ESTADO) VALUES('FUN', 10, 'FUNDA', '1');
INSERT INTO SCVNTCATALOGOVALOR(CODIGOCATALOGOVALOR,CODIGOCATALOGOTIPO, NOMBRECATALOGOVALOR, ESTADO) VALUES('CAJ', 10, 'CAJA', '1');
INSERT INTO SCVNTCATALOGOVALOR(CODIGOCATALOGOVALOR,CODIGOCATALOGOTIPO, NOMBRECATALOGOVALOR, ESTADO) VALUES('BUL', 10, 'BULTO', '1');
INSERT INTO SCVNTCATALOGOVALOR(CODIGOCATALOGOVALOR,CODIGOCATALOGOTIPO, NOMBRECATALOGOVALOR, ESTADO) VALUES('JAB', 10, 'JABA', '1');
INSERT INTO SCVNTCATALOGOVALOR(CODIGOCATALOGOVALOR,CODIGOCATALOGOTIPO, NOMBRECATALOGOVALOR, ESTADO) VALUES('SAR', 10, 'SARTA', '1');
INSERT INTO SCVNTCATALOGOVALOR(CODIGOCATALOGOVALOR,CODIGOCATALOGOTIPO, NOMBRECATALOGOVALOR, ESTADO) VALUES('SAC', 10, 'SACO', '1');
INSERT INTO SCVNTCATALOGOVALOR(CODIGOCATALOGOVALOR,CODIGOCATALOGOTIPO, NOMBRECATALOGOVALOR, ESTADO) VALUES('MAY', 11, 'MAYORISTA', '1');
INSERT INTO SCVNTCATALOGOVALOR(CODIGOCATALOGOVALOR,CODIGOCATALOGOTIPO, NOMBRECATALOGOVALOR, ESTADO) VALUES('MIN', 11, 'MINORISTA', '1');

CREATE TABLE SCVNTCOMPANIA(
	CODIGOCOMPANIA INTEGER NOT NULL,
	NOMBRECOMPANIA VARCHAR(64) NOT NULL,
	DESCRIPCIONCOMPANIA VARCHAR(256),
	ESTADO VARCHAR(1) NOT NULL, 
	PRIMARY KEY(CODIGOCOMPANIA)
);
INSERT INTO SCVNTCOMPANIA (CODIGOCOMPANIA, NOMBRECOMPANIA, DESCRIPCIONCOMPANIA, ESTADO) VALUES(1,'LOS NEVADOS', 'EMPRESA DISTRIBUCION DE AGUA', '1');

CREATE TABLE SCVNTPERFIL(
	CODIGOPERFIL DECIMAL(12 , 0) NOT NULL,
	NOMBREPERFIL VARCHAR(64) NOT NULL,
	DESCRIPCION VARCHAR(256),
	CODIGOVALORTIPOPERFIL VARCHAR(3) NOT NULL,
	CODIGOTIPOPERFIL INTEGER NOT NULL,
	ESTADO VARCHAR(1) NOT NULL,
	PRIMARY KEY(CODIGOPERFIL)
);
INSERT INTO SCVNTPERFIL(CODIGOPERFIL, NOMBREPERFIL, DESCRIPCION, CODIGOVALORTIPOPERFIL, CODIGOTIPOPERFIL, ESTADO) VALUES(1, 'PERFIL ADMINISTRADOR', 'PERFIL PARA USUARIO ADMINISTRADORES DE LA APP', 'ADM', 1, '1');


CREATE TABLE SCVNTMODULOS(
	CODIGOMODULO DECIMAL(12, 0) NOT NULL,
	CODIGOREFERENCIA VARCHAR(16) NOT NULL,
	ORDEN INTEGER NOT NULL,
	NOMBREMODULO VARCHAR(64) NOT NULL,
	DESCRIPCION VARCHAR(64),
	ESTILO VARCHAR(32) NOT NULL,
	VALORTIPO VARCHAR(3), 
	URL VARCHAR(128) NOT NULL,
	ESTADO VARCHAR(1) NOT NULL,	
	PRIMARY KEY(CODIGOMODULO) 
);

INSERT INTO SCVNTMODULOS(CODIGOMODULO, CODIGOREFERENCIA, ORDEN, NOMBREMODULO, DESCRIPCION, ESTILO, VALORTIPO, URL, ESTADO) VALUES (1, 'MOD-1', 1, 'ARTÍCULOS', 'MODULO DE ARTICULOS', 'styleArticle', 'GES','/modules/articulos/adminBusquedaArticulos.xhtml?faces-redirect=true','1');
INSERT INTO SCVNTMODULOS(CODIGOMODULO, CODIGOREFERENCIA, ORDEN, NOMBREMODULO, DESCRIPCION, ESTILO, VALORTIPO, URL, ESTADO) VALUES (2, 'MOD-2', 2, 'CLIENTES', 'MODULO DE CLIENTES', 'styleClient', 'GES','/modules/clientes/adminBusquedaClientes.xhtml?faces-redirect=true','1');
INSERT INTO SCVNTMODULOS(CODIGOMODULO, CODIGOREFERENCIA, ORDEN, NOMBREMODULO, DESCRIPCION, ESTILO, VALORTIPO, URL, ESTADO) VALUES (3, 'MOD-3', 3, 'PEDIDOS', 'MODULO DE PEDIDOS', 'stylePedidos', 'GES','/modules/pedidos/adminBusquedaPedidos.xhtml?faces-redirect=true','1');
INSERT INTO SCVNTMODULOS(CODIGOMODULO, CODIGOREFERENCIA, ORDEN, NOMBREMODULO, DESCRIPCION, ESTILO, VALORTIPO, URL, ESTADO) VALUES (4, 'MOD-4', 4, 'TRANSPORTISTAS', 'MODULO DE TRANSPORTISTAS', 'styleTransportista', 'GES','/modules/transportistas/adminBusquedaTransportista.xhtml?faces-redirect=true','1');
INSERT INTO SCVNTMODULOS(CODIGOMODULO, CODIGOREFERENCIA, ORDEN, NOMBREMODULO, DESCRIPCION, ESTILO, VALORTIPO, URL, ESTADO) VALUES (5, 'MOD-5', 5, 'CHOFER', 'MODULO DE CHOFER', 'styleChofer', 'GES','/modules/chofer/adminBusquedaChofer.xhtml?faces-redirect=true','1');
INSERT INTO SCVNTMODULOS(CODIGOMODULO, CODIGOREFERENCIA, ORDEN, NOMBREMODULO, DESCRIPCION, ESTILO, VALORTIPO, URL, ESTADO) VALUES (6, 'MOD-6', 6, 'VEHÍCULOS', 'MODULO DE VEHÍCULOS', 'styleVehiculo', 'GES','/modules/vehiculo/adminBusquedaVehiculo.xhtml?faces-redirect=true','1');
INSERT INTO SCVNTMODULOS(CODIGOMODULO, CODIGOREFERENCIA, ORDEN, NOMBREMODULO, DESCRIPCION, ESTILO, VALORTIPO, URL, ESTADO) VALUES (7, 'MOD-7', 7, 'DESPACHOS', 'MODULO DE DESPACHOS', 'styleDespacho', 'GES','/modules/despachos/adminBusquedaDespacho.xhtml?faces-redirect=true','1');
INSERT INTO SCVNTMODULOS(CODIGOMODULO, CODIGOREFERENCIA, ORDEN, NOMBREMODULO, DESCRIPCION, ESTILO, VALORTIPO, URL, ESTADO) VALUES (8, 'MOD-8', 8, 'VENTAS', 'MODULO DE VENTAS', 'styleFactura', 'GES','/modules/ventas/adminBusquedaVentas.xhtml?faces-redirect=true','1');
INSERT INTO SCVNTMODULOS(CODIGOMODULO, CODIGOREFERENCIA, ORDEN, NOMBREMODULO, DESCRIPCION, ESTILO, VALORTIPO, URL, ESTADO) VALUES (9, 'MOD-9', 9, 'USUARIOS', 'MODULO DE USUARIOS', 'styleUsuario', 'ADM','/modules/usuarios/adminBusquedaUsuarios.xhtml?faces-redirect=true','1');
INSERT INTO SCVNTMODULOS(CODIGOMODULO, CODIGOREFERENCIA, ORDEN, NOMBREMODULO, DESCRIPCION, ESTILO, VALORTIPO, URL, ESTADO) VALUES (10, 'MOD-10', 10, 'MODULOS', 'MODULO DE MODULOS', 'styleModulo', 'ADM','/modules/modulos/adminBusquedaModulos.xhtml?faces-redirect=true','1');
INSERT INTO SCVNTMODULOS(CODIGOMODULO, CODIGOREFERENCIA, ORDEN, NOMBREMODULO, DESCRIPCION, ESTILO, VALORTIPO, URL, ESTADO) VALUES (11, 'MOD-11', 11, 'PERFILES', 'MODULO DE PERFILES', 'stylePerfil', 'ADM','/modules/perfiles/adminBusquedaPerfil.xhtml?faces-redirect=true','1');
INSERT INTO SCVNTMODULOS(CODIGOMODULO, CODIGOREFERENCIA, ORDEN, NOMBREMODULO, DESCRIPCION, ESTILO, VALORTIPO, URL, ESTADO) VALUES (12, 'MOD-12', 12, 'INVENTARIOS', 'MODULO DE INVENTARIO', 'styleInvetario', 'GES','/modules/inventario/adminBusquedaInventario.xhtml?faces-redirect=true','1');
INSERT INTO SCVNTMODULOS(CODIGOMODULO, CODIGOREFERENCIA, ORDEN, NOMBREMODULO, DESCRIPCION, ESTILO, VALORTIPO, URL, ESTADO) VALUES (13, 'MOD-13', 13, 'REPORTES', 'MODULO DE REPORTE', 'styleReporte', 'GES','/modules/reportes/adminBusquedaReporte.xhtml?faces-redirect=true','1');
INSERT INTO SCVNTMODULOS(CODIGOMODULO, CODIGOREFERENCIA, ORDEN, NOMBREMODULO, DESCRIPCION, ESTILO, VALORTIPO, URL, ESTADO) VALUES (14, 'MOD-14', 14, 'PROVEEDORES', 'PROVEEDORES', 'styleProveedor', 'GES','/modules/proveedores/adminBusquedaProveedor.xhtml?faces-redirect=true','1');
INSERT INTO SCVNTMODULOS(CODIGOMODULO, CODIGOREFERENCIA, ORDEN, NOMBREMODULO, DESCRIPCION, ESTILO, VALORTIPO, URL, ESTADO) VALUES (15, 'MOD-15', 15, 'COMPRAS', 'MODULO DE COMPAS', 'styleCompras', 'GES','/modules/compras/adminBusquedaCompras.xhtml?faces-redirect=true','1');
INSERT INTO SCVNTMODULOS(CODIGOMODULO, CODIGOREFERENCIA, ORDEN, NOMBREMODULO, DESCRIPCION, ESTILO, VALORTIPO, URL, ESTADO) VALUES (16, 'MOD-16', 16, 'CUENTAS POR COBRAR', 'CUENTAS POR COBRAR', 'styleCuentasCobrar', 'GES','/modules/cuentas/adminBusquedaCuentas.xhtml?faces-redirect=true','1');
INSERT INTO SCVNTMODULOS(CODIGOMODULO, CODIGOREFERENCIA, ORDEN, NOMBREMODULO, DESCRIPCION, ESTILO, VALORTIPO, URL, ESTADO) VALUES (17, 'MOD-17', 17, 'CAJA', 'MODULO DE CAJA', 'styleCaja', 'GES','/modules/transacciones/adminBusquedaTransaccion.xhtml?faces-redirect=true','1');
INSERT INTO SCVNTMODULOS(CODIGOMODULO, CODIGOREFERENCIA, ORDEN, NOMBREMODULO, DESCRIPCION, ESTILO, VALORTIPO, URL, ESTADO) VALUES (18, 'MOD-18', 18, 'CUENTAS POR PAGAR', 'CUENTAS POR PAGAR', 'styleCuentasPagar', 'GES','/modules/transacciones/adminBusquedaCuentasPagar.xhtml?faces-redirect=true','1');
INSERT INTO SCVNTMODULOS(CODIGOMODULO, CODIGOREFERENCIA, ORDEN, NOMBREMODULO, DESCRIPCION, ESTILO, VALORTIPO, URL, ESTADO) VALUES (19, 'MOD-19', 4, 'VENDEDORES', 'VENDEDORES', 'styleVendedor', 'GES','/modules/vendedores/adminBusquedaVendedor.xhtml?faces-redirect=true','1');

CREATE TABLE SCVNTMODULOPERFIL(
	CODIGOMODULO DECIMAL(12, 0) NOT NULL,
	CODIGOPERFIL DECIMAL(12 , 0) NOT NULL,
	ESTADO VARCHAR(1) NOT NULL,
	PRIMARY KEY(CODIGOMODULO, CODIGOPERFIL) 
);
ALTER TABLE SCVNTMODULOPERFIL ADD CONSTRAINT CODMODFKSCVNTMODULOPERFILPKMODULO FOREIGN KEY(CODIGOMODULO) REFERENCES SCVNTMODULOS(CODIGOMODULO);
ALTER TABLE SCVNTMODULOPERFIL ADD CONSTRAINT CODPERFKSCVNTMODULOPERFILPKPERFIL FOREIGN KEY(CODIGOPERFIL) REFERENCES SCVNTPERFIL(CODIGOPERFIL);
INSERT INTO SCVNTMODULOPERFIL(CODIGOMODULO, CODIGOPERFIL, ESTADO) VALUES(1, 1, '1');
INSERT INTO SCVNTMODULOPERFIL(CODIGOMODULO, CODIGOPERFIL, ESTADO) VALUES(2, 1, '1');
INSERT INTO SCVNTMODULOPERFIL(CODIGOMODULO, CODIGOPERFIL, ESTADO) VALUES(3, 1, '1');
INSERT INTO SCVNTMODULOPERFIL(CODIGOMODULO, CODIGOPERFIL, ESTADO) VALUES(4, 1, '1');
INSERT INTO SCVNTMODULOPERFIL(CODIGOMODULO, CODIGOPERFIL, ESTADO) VALUES(5, 1, '1');
INSERT INTO SCVNTMODULOPERFIL(CODIGOMODULO, CODIGOPERFIL, ESTADO) VALUES(6, 1, '1');
INSERT INTO SCVNTMODULOPERFIL(CODIGOMODULO, CODIGOPERFIL, ESTADO) VALUES(7, 1, '1');
INSERT INTO SCVNTMODULOPERFIL(CODIGOMODULO, CODIGOPERFIL, ESTADO) VALUES(8, 1, '1');
INSERT INTO SCVNTMODULOPERFIL(CODIGOMODULO, CODIGOPERFIL, ESTADO) VALUES(9, 1, '1');
INSERT INTO SCVNTMODULOPERFIL(CODIGOMODULO, CODIGOPERFIL, ESTADO) VALUES(10, 1, '1');
INSERT INTO SCVNTMODULOPERFIL(CODIGOMODULO, CODIGOPERFIL, ESTADO) VALUES(11, 1, '1');
INSERT INTO SCVNTMODULOPERFIL(CODIGOMODULO, CODIGOPERFIL, ESTADO) VALUES(12, 1, '1');
INSERT INTO SCVNTMODULOPERFIL(CODIGOMODULO, CODIGOPERFIL, ESTADO) VALUES(13, 1, '1');
INSERT INTO SCVNTMODULOPERFIL(CODIGOMODULO, CODIGOPERFIL, ESTADO) VALUES(14, 1, '1');
INSERT INTO SCVNTMODULOPERFIL(CODIGOMODULO, CODIGOPERFIL, ESTADO) VALUES(15, 1, '1');
INSERT INTO SCVNTMODULOPERFIL(CODIGOMODULO, CODIGOPERFIL, ESTADO) VALUES(16, 1, '1');
INSERT INTO SCVNTMODULOPERFIL(CODIGOMODULO, CODIGOPERFIL, ESTADO) VALUES(17, 1, '1');

CREATE TABLE SCVNTUSUARIO(
	USERID VARCHAR(32) NOT NULL,
	CODIGOPERFIL DECIMAL(12 , 0) NOT NULL,
	CODIGOCOMPANIA INTEGER NOT NULL,
	NOMBREUSUARIO VARCHAR(32) NOT NULL,
	PASSWORDUSUARIO VARCHAR(64),
	ESTADO VARCHAR(1) NOT NULL,	
	PRIMARY KEY(USERID)
);
ALTER TABLE SCVNTUSUARIO ADD CONSTRAINT CODPERFKSCVNTUSUARIOPKPERFIL FOREIGN KEY(CODIGOPERFIL) REFERENCES SCVNTPERFIL;
ALTER TABLE SCVNTUSUARIO ADD CONSTRAINT CODCOMFKSCVNTUSUARIOPKCOMPANIA FOREIGN KEY(CODIGOCOMPANIA) REFERENCES SCVNTCOMPANIA;
INSERT INTO SCVNTUSUARIO(USERID, CODIGOPERFIL, CODIGOCOMPANIA, NOMBREUSUARIO, PASSWORDUSUARIO, ESTADO) VALUES('USR1', 1, 1,'egudino', 'es13ban', '1');

CREATE TABLE SCVNTPERSONA(
	CODIGOCOMPANIA INTEGER NOT NULL,
	CODIGOPERSONA DECIMAL(12 , 0) NOT NULL,
	NUMERODOCUMENTO VARCHAR(32),
	PRIMERNOMBRE VARCHAR(32) NOT NULL,
	SEGUNDONOMBRE VARCHAR(32),
	PRIMERAPELLIDO VARCHAR(32) NOT NULL,
	SEGUNDOAPELLIDO VARCHAR(32),
	FECHANACIMIENTO TIMESTAMP,
	NOMBRECOMPLETO VARCHAR(128),
	ESTADO VARCHAR(1) NOT NULL,
	USUARIOREGISTRO VARCHAR(32) NOT NULL,
	FECHAREGISTRO TIMESTAMP NOT NULL,
	USUARIOMODIFICACION VARCHAR(32),
	FECHAMODIFICACION TIMESTAMP,
	PRIMARY KEY(CODIGOCOMPANIA, CODIGOPERSONA)
);
ALTER TABLE SCVNTPERSONA ADD CONSTRAINT CODCOMFKSCVNTPERSONAPKCOMPANIA FOREIGN KEY(CODIGOCOMPANIA) REFERENCES SCVNTCOMPANIA;
ALTER TABLE SCVNTPERSONA ADD CONSTRAINT CODUSRFKSCVNTPERSONAPKUSUARIOREG FOREIGN KEY(USUARIOREGISTRO) REFERENCES SCVNTUSUARIO(USERID);
ALTER TABLE SCVNTPERSONA ADD CONSTRAINT CODUSRFKSCVNTPERSONAPKUSUARIOMOD FOREIGN KEY(USUARIOMODIFICACION) REFERENCES SCVNTUSUARIO(USERID);

CREATE TABLE SCVNTEMPRESA(
	CODIGOCOMPANIA INTEGER NOT NULL,
	CODIGOEMPRESA DECIMAL(12 , 0) NOT NULL,
	NUMERORUC VARCHAR(32),
	RAZONSOCIAL VARCHAR(128) NOT NULL,
	DESCRIPCIONEMPRESA VARCHAR(128),
	ESTADO VARCHAR(1) NOT NULL,
	USUARIOREGISTRO VARCHAR(32) NOT NULL,
	FECHAREGISTRO TIMESTAMP NOT NULL,
	USUARIOMODIFICACION VARCHAR(32),
	FECHAMODIFICACION TIMESTAMP,
	PRIMARY KEY(CODIGOCOMPANIA, CODIGOEMPRESA)
);
ALTER TABLE SCVNTEMPRESA ADD CONSTRAINT CODCOMFKSCVNTEMPRESAPKCOMPANIA FOREIGN KEY(CODIGOCOMPANIA) REFERENCES SCVNTCOMPANIA;
ALTER TABLE SCVNTEMPRESA ADD CONSTRAINT CODUSRFKSCVNTEMPRESAPKUSUARIOREG FOREIGN KEY(USUARIOREGISTRO) REFERENCES SCVNTUSUARIO(USERID);
ALTER TABLE SCVNTEMPRESA ADD CONSTRAINT CODUSRFKSCVNTEMPRESAPKUSUARIOMOD FOREIGN KEY(USUARIOMODIFICACION) REFERENCES SCVNTUSUARIO(USERID);

CREATE TABLE SCVNTCONTACTO(
	CODIGOCOMPANIA INTEGER NOT NULL,
	CODIGOCONTACTO DECIMAL(12 , 0) NOT NULL,
	CODIGOPERSONA DECIMAL(12 , 0),
	CODIGOEMPRESA DECIMAL(12 , 0),
	DIRECCIONPRINCIPAL VARCHAR(256) NOT NULL, 
	CALLEPRINCIPAL VARCHAR(128) NOT NULL,
	CALLESECUNDARIA VARCHAR(128),
	NUMEROCASA VARCHAR(32),
	REFERENCIA VARCHAR(256),
	CIUDAD VARCHAR(64) NOT NULL,
	TELEFONOPRINCIPAL VARCHAR(32),
	TELEFONOCELULAR VARCHAR(32),
	CODIGOVALORTIPOCONTACTO VARCHAR(3) NOT NULL,
	CODIGOTIPOCONTACTO INTEGER NOT NULL,
	ESTADO VARCHAR(1) NOT NULL,
	USUARIOREGISTRO VARCHAR(32) NOT NULL,
	FECHAREGISTRO TIMESTAMP NOT NULL,
	USUARIOMODIFICACION VARCHAR(32),
	FECHAMODIFICACION TIMESTAMP,
	PRIMARY KEY(CODIGOCOMPANIA, CODIGOCONTACTO)	
);
ALTER TABLE SCVNTCONTACTO ADD CONSTRAINT CODCOMFKSCVNTCONTACTOSPKCOMPANIA FOREIGN KEY(CODIGOCOMPANIA) REFERENCES SCVNTCOMPANIA;
ALTER TABLE SCVNTCONTACTO ADD CONSTRAINT CODUSRFKSCVNTCONTACTOPKUSUARIOREG FOREIGN KEY(USUARIOREGISTRO) REFERENCES SCVNTUSUARIO(USERID);
ALTER TABLE SCVNTCONTACTO ADD CONSTRAINT CODUSRFKSCVNTCONTACTOPKUSUARIOMOD FOREIGN KEY(USUARIOMODIFICACION) REFERENCES SCVNTUSUARIO(USERID);
ALTER TABLE SCVNTCONTACTO ADD CONSTRAINT CODPERFKSCVNTCONTACTOSPKPERSONA FOREIGN KEY(CODIGOCOMPANIA, CODIGOPERSONA) REFERENCES SCVNTPERSONA;
ALTER TABLE SCVNTCONTACTO ADD CONSTRAINT CODEMPFKSCVNTCONTACTOSPKEMPRESA FOREIGN KEY(CODIGOCOMPANIA, CODIGOEMPRESA) REFERENCES SCVNTEMPRESA;

CREATE TABLE SCVNTCLIENTE(
	CODIGOCOMPANIA INTEGER NOT NULL,
	CODIGOCLIENTE DECIMAL(12 , 0) NOT NULL,
	CODIGOPERSONA DECIMAL(12 , 0),
	CODIGOEMPRESA DECIMAL(12 , 0),
	USERID VARCHAR(32),
	CODIGOVALORTIPOCLIENTE VARCHAR(3) NOT NULL,
	CODIGOTIPOCLIENTE INTEGER NOT NULL,
	CODIGOVALORTIPOCOMPRA VARCHAR(3) NOT NULL,
	CODIGOTIPOCOMPRA INTEGER NOT NULL,
	ESTADO VARCHAR(1) NOT NULL,
	USUARIOREGISTRO VARCHAR(32) NOT NULL,
	FECHAREGISTRO TIMESTAMP NOT NULL,
	USUARIOMODIFICACION VARCHAR(32),
	FECHAMODIFICACION TIMESTAMP,
	PRIMARY KEY(CODIGOCOMPANIA, CODIGOCLIENTE)	
);
ALTER TABLE SCVNTCLIENTE ADD CONSTRAINT CODCOMFKSCVNTCLIENTEPKCOMPANIA FOREIGN KEY(CODIGOCOMPANIA) REFERENCES SCVNTCOMPANIA;
ALTER TABLE SCVNTCLIENTE ADD CONSTRAINT CODUSRFKSCVNTCLIENTEPKUSUARIO FOREIGN KEY(USERID) REFERENCES SCVNTUSUARIO;
ALTER TABLE SCVNTCLIENTE ADD CONSTRAINT CODUSRFKSCVNTCLIENTEPKUSUARIOREG FOREIGN KEY(USUARIOREGISTRO) REFERENCES SCVNTUSUARIO(USERID);
ALTER TABLE SCVNTCLIENTE ADD CONSTRAINT CODUSRFKSCVNTCLIENTEPKUSUARIOMOD FOREIGN KEY(USUARIOMODIFICACION) REFERENCES SCVNTUSUARIO(USERID);
ALTER TABLE SCVNTCLIENTE ADD CONSTRAINT CODPERFKSCVNTCLIENTEPKPERSONA FOREIGN KEY(CODIGOCOMPANIA, CODIGOPERSONA) REFERENCES SCVNTPERSONA;
ALTER TABLE SCVNTCLIENTE ADD CONSTRAINT CODEMPFKSCVNTCLIENTEPKEMPRESA FOREIGN KEY(CODIGOCOMPANIA, CODIGOEMPRESA) REFERENCES SCVNTEMPRESA;

CREATE TABLE SCVNTPROVEEDOR(
	CODIGOCOMPANIA INTEGER NOT NULL,
	CODIGOPROVEEDOR DECIMAL(12 , 0) NOT NULL,
	CODIGOPERSONA DECIMAL(12 , 0),
	CODIGOEMPRESA DECIMAL(12 , 0),
	CODIGOREFERENCIA VARCHAR(32),
	CODIGOVALORTIPOPROVEEDOR VARCHAR(3) NOT NULL,
	CODIGOTIPOPROVEEDOR INTEGER NOT NULL,
	ESTADO VARCHAR(1) NOT NULL,
	USUARIOREGISTRO VARCHAR(32) NOT NULL,
	FECHAREGISTRO TIMESTAMP NOT NULL,
	USUARIOMODIFICACION VARCHAR(32),
	FECHAMODIFICACION TIMESTAMP,
	PRIMARY KEY(CODIGOCOMPANIA, CODIGOPROVEEDOR)	
);
ALTER TABLE SCVNTPROVEEDOR ADD CONSTRAINT CODCOMFKSCVNTPROVEEDORPKCOMPANIA FOREIGN KEY(CODIGOCOMPANIA) REFERENCES SCVNTCOMPANIA;
ALTER TABLE SCVNTPROVEEDOR ADD CONSTRAINT CODUSRFKSCVNTPROVEEDORPKUSUARIOREG FOREIGN KEY(USUARIOREGISTRO) REFERENCES SCVNTUSUARIO(USERID);
ALTER TABLE SCVNTPROVEEDOR ADD CONSTRAINT CODUSRFKSCVNTPROVEEDORPKUSUARIOMOD FOREIGN KEY(USUARIOMODIFICACION) REFERENCES SCVNTUSUARIO(USERID);
ALTER TABLE SCVNTPROVEEDOR ADD CONSTRAINT CODPERFKSCVNTPROVEEDORPKPERSONA FOREIGN KEY(CODIGOCOMPANIA, CODIGOPERSONA) REFERENCES SCVNTPERSONA;
ALTER TABLE SCVNTPROVEEDOR ADD CONSTRAINT CODEMPFKSCVNTPROVEEDORPKEMPRESA FOREIGN KEY(CODIGOCOMPANIA, CODIGOEMPRESA) REFERENCES SCVNTEMPRESA;

CREATE TABLE SCVNTARTICULO(
	CODIGOCOMPANIA INTEGER NOT NULL,
	CODIGOARTICULO INTEGER NOT NULL,
	CODIGOBARRAS VARCHAR(64),
	NOMBREARTICULO VARCHAR(128) NOT NULL,	
	COSTO DECIMAL(12 , 4),
	PESO DECIMAL(12 , 4),
	PRECIO DECIMAL(12 , 4),
	PRECIOMINORISTA DECIMAL(12,4),
	CANTIDADSTOCK INTEGER,
	PORCENTAJECOMISION DECIMAL(12,4),
	ESTADO VARCHAR(1) NOT NULL,
	USUARIOREGISTRO VARCHAR(32) NOT NULL,
	FECHAREGISTRO TIMESTAMP NOT NULL,
	USUARIOMODIFICACION VARCHAR(32),
	FECHAMODIFICACION TIMESTAMP,
	PRIMARY KEY(CODIGOCOMPANIA, CODIGOARTICULO)		
);
ALTER TABLE SCVNTARTICULO ADD CONSTRAINT CODCOMFKSCVNTARTICULOPKCOMPANIA FOREIGN KEY(CODIGOCOMPANIA) REFERENCES SCVNTCOMPANIA;
ALTER TABLE SCVNTARTICULO ADD CONSTRAINT CODUSRFKSCVNTARTICULOPKUSUARIOREG FOREIGN KEY(USUARIOREGISTRO) REFERENCES SCVNTUSUARIO(USERID);
ALTER TABLE SCVNTARTICULO ADD CONSTRAINT CODUSRFKSCVNTARTICULOPKUSUARIOMOD FOREIGN KEY(USUARIOMODIFICACION) REFERENCES SCVNTUSUARIO(USERID);
CREATE UNIQUE INDEX SCVNIARTICULO ON SCVNTARTICULO (CODIGOBARRAS);

CREATE TABLE SCVNTARTICULOUNIDADMANEJO(
	CODIGOCOMPANIA INTEGER NOT NULL,
	CODIGOARTICULOUNIDADMANEJO INTEGER NOT NULL,
	CODIGOARTICULO INTEGER NOT NULL,
	VALORUNIDADMANEJO INTEGER NOT NULL,
	CODIGOVALORUNIDADMANEJO VARCHAR(3) NOT NULL,
	CODIGOTIPOUNIDADMANEJO INTEGER NOT NULL,
	ESPORDEFECTO BOOLEAN NOT NULL,
	ESTADO VARCHAR(1) NOT NULL,
	USUARIOREGISTRO VARCHAR(32) NOT NULL,
	FECHAREGISTRO TIMESTAMP NOT NULL,
	USUARIOMODIFICACION VARCHAR(32),
	FECHAMODIFICACION TIMESTAMP,
	PRIMARY KEY(CODIGOCOMPANIA, CODIGOARTICULOUNIDADMANEJO)
);
ALTER TABLE SCVNTARTICULOUNIDADMANEJO ADD CONSTRAINT CODCOMFKSCVNTARTICULOUNIDADMANEJOPKCOMPANIA FOREIGN KEY(CODIGOCOMPANIA) REFERENCES SCVNTCOMPANIA;
ALTER TABLE SCVNTARTICULOUNIDADMANEJO ADD CONSTRAINT CODARTFKSCVNTARTICULOUNIDADMANEJOPKARTICULO FOREIGN KEY(CODIGOCOMPANIA, CODIGOARTICULO) REFERENCES SCVNTARTICULO(CODIGOCOMPANIA, CODIGOARTICULO);
ALTER TABLE SCVNTARTICULOUNIDADMANEJO ADD CONSTRAINT CODUSRFKSCVNTARTICULOUNIDADMANEJOPKUSUARIOREG FOREIGN KEY(USUARIOREGISTRO) REFERENCES SCVNTUSUARIO(USERID);
ALTER TABLE SCVNTARTICULOUNIDADMANEJO ADD CONSTRAINT CODUSRFKSCVNTARTICULOUNIDADMANEJOPKUSUARIOMOD FOREIGN KEY(USUARIOMODIFICACION) REFERENCES SCVNTUSUARIO(USERID);

CREATE TABLE SCVNTIMPUESTOS(
	CODIGOCOMPANIA INTEGER NOT NULL,
	CODIGOIMPUESTO INTEGER NOT NULL,
	NOMBREIMPUESTO VARCHAR(64) NOT NULL,
	DESCRIPCION VARCHAR(128),
	VALORIMPUESTO DECIMAL(12 , 4),
	ESTADO VARCHAR(1) NOT NULL,
	USUARIOREGISTRO VARCHAR(32) NOT NULL,
	FECHAREGISTRO TIMESTAMP NOT NULL,
	USUARIOMODIFICACION VARCHAR(32),
	FECHAMODIFICACION TIMESTAMP,
	PRIMARY KEY(CODIGOCOMPANIA, CODIGOIMPUESTO)	
);
ALTER TABLE SCVNTIMPUESTOS ADD CONSTRAINT CODCOMFKSCVNTIMPUESTOSPKCOMPANIA FOREIGN KEY(CODIGOCOMPANIA) REFERENCES SCVNTCOMPANIA;
ALTER TABLE SCVNTIMPUESTOS ADD CONSTRAINT CODUSRFKSCVNTIMPUESTOSPKUSUARIOREG FOREIGN KEY(USUARIOREGISTRO) REFERENCES SCVNTUSUARIO(USERID);
ALTER TABLE SCVNTIMPUESTOS ADD CONSTRAINT CODUSRFKSCVNTIMPUESTOSPKUSUARIOMOD FOREIGN KEY(USUARIOMODIFICACION) REFERENCES SCVNTUSUARIO(USERID);

INSERT INTO SCVNTIMPUESTOS (CODIGOCOMPANIA, CODIGOIMPUESTO,NOMBREIMPUESTO,DESCRIPCION, VALORIMPUESTO,ESTADO, USUARIOREGISTRO, FECHAREGISTRO)
VALUES(1,1,'IVA', 'IMPUESTO AL VALOR AGREGADO IVA', 12, '1','USR1', '2019-03-15 10:40:56.943');

CREATE TABLE SCVNTARTIMP(
	CODIGOCOMPANIA INTEGER NOT NULL,
	CODIGOIMPUESTO INTEGER NOT NULL,
	CODIGOARTICULO INTEGER NOT NULL,	
	ESTADO VARCHAR(1) NOT NULL,
	USUARIOREGISTRO VARCHAR(32) NOT NULL,
	FECHAREGISTRO TIMESTAMP NOT NULL,
	USUARIOMODIFICACION VARCHAR(32),
	FECHAMODIFICACION TIMESTAMP,
	PRIMARY KEY(CODIGOCOMPANIA, CODIGOIMPUESTO, CODIGOARTICULO)	
);
ALTER TABLE SCVNTARTIMP ADD CONSTRAINT CODCOMFKSCVNTARTIMPPKCOMPANIA FOREIGN KEY(CODIGOCOMPANIA) REFERENCES SCVNTCOMPANIA;
ALTER TABLE SCVNTARTIMP ADD CONSTRAINT CODCOMFKSCVNTARTIMPPKIMPUESTO FOREIGN KEY(CODIGOCOMPANIA, CODIGOIMPUESTO) REFERENCES SCVNTIMPUESTOS;
ALTER TABLE SCVNTARTIMP ADD CONSTRAINT CODCOMFKSCVNTARTIMPPKCODIGOARTICULO FOREIGN KEY(CODIGOCOMPANIA, CODIGOARTICULO) REFERENCES SCVNTARTICULO;
ALTER TABLE SCVNTARTIMP ADD CONSTRAINT CODUSRFKSCVNTARTIMPPKUSUARIOREG FOREIGN KEY(USUARIOREGISTRO) REFERENCES SCVNTUSUARIO(USERID);
ALTER TABLE SCVNTARTIMP ADD CONSTRAINT CODUSRFKSCVNTARTIMPPKUSUARIOMOD FOREIGN KEY(USUARIOMODIFICACION) REFERENCES SCVNTUSUARIO(USERID);

CREATE TABLE SCVNTPEDIDO(
	CODIGOCOMPANIA INTEGER NOT NULL,
	CODIGOPEDIDO DECIMAL(12 , 0) NOT NULL,
	NUMEROPEDIDO VARCHAR(32) NOT NULL,
	CODIGOCLIENTE DECIMAL(12 , 0) NOT NULL,
	CODIGOVENDEDOR DECIMAL(12 , 0), 
	FECHAPEDIDO TIMESTAMP NOT NULL,
	FECHAENTREGA TIMESTAMP,	
	SUBTOTAL DECIMAL(12,4),
	DESCUENTO DECIMAL(12,4),
	TOTALSINIMPUESTOS DECIMAL(12 , 4),
	TOTALIMPUESTOS DECIMAL(12 , 4),
	TOTALIVA DECIMAL(12,4),
	TOTALCOMPRA DECIMAL(12 , 4) NOT NULL,
	FACTURACREADA BOOLEAN, 
	ESTADO VARCHAR(1) NOT NULL,
	USUARIOREGISTRO VARCHAR(32) NOT NULL,
	FECHAREGISTRO TIMESTAMP NOT NULL,
	USUARIOMODIFICACION VARCHAR(32),
	FECHAMODIFICACION TIMESTAMP,
	PRIMARY KEY(CODIGOCOMPANIA, CODIGOPEDIDO)	
);
ALTER TABLE SCVNTPEDIDO ADD CONSTRAINT CODCOMFKSCVNTPEDIDOPKCOMPANIA FOREIGN KEY(CODIGOCOMPANIA) REFERENCES SCVNTCOMPANIA;
ALTER TABLE SCVNTPEDIDO ADD CONSTRAINT CODUSRFKSCVNTPEDIDOPKUSUARIOREG FOREIGN KEY(USUARIOREGISTRO) REFERENCES SCVNTUSUARIO(USERID);
ALTER TABLE SCVNTPEDIDO ADD CONSTRAINT CODUSRFKSCVNTPEDIDOPKUSUARIOMOD FOREIGN KEY(USUARIOMODIFICACION) REFERENCES SCVNTUSUARIO(USERID);
ALTER TABLE SCVNTPEDIDO ADD CONSTRAINT CODCLIFKSCVNTPEDIDOPKCLIENTE FOREIGN KEY(CODIGOCOMPANIA, CODIGOCLIENTE) REFERENCES SCVNTCLIENTE;
ALTER TABLE SCVNTPEDIDO ADD CONSTRAINT CODVENFKSCVNTPEDIDOPKVENDEDOR FOREIGN KEY(CODIGOCOMPANIA, CODIGOVENDEDOR) REFERENCES SCVNTVENDEDOR;

CREATE TABLE SCVNTDETALLEPEDIDO(
	CODIGOCOMPANIA INTEGER NOT NULL,
	CODIGODETALLEPEDIDO DECIMAL(12 , 0) NOT NULL,
	CODIGOPEDIDO DECIMAL(12 , 0) NOT NULL,
	CODIGOARTICULO INTEGER NOT NULL,
	CODIGOARTICULOUNIDADMANEJO INTEGER,
	CANTIDAD INTEGER NOT NULL,
	SUBTOTAL DECIMAL(12 , 4) NOT NULL,
	ESTADO VARCHAR(1) NOT NULL,
	USUARIOREGISTRO VARCHAR(32) NOT NULL,
	FECHAREGISTRO TIMESTAMP NOT NULL,
	USUARIOMODIFICACION VARCHAR(32),
	FECHAMODIFICACION TIMESTAMP,
	PRIMARY KEY(CODIGOCOMPANIA, CODIGODETALLEPEDIDO, CODIGOPEDIDO)	
);
ALTER TABLE SCVNTDETALLEPEDIDO ADD CONSTRAINT CODCOMFKSCVNTDETALLEPEDIDOPKCOMPANIA FOREIGN KEY(CODIGOCOMPANIA) REFERENCES SCVNTCOMPANIA;
ALTER TABLE SCVNTDETALLEPEDIDO ADD CONSTRAINT CODUSRFKSCVNTDETALLEPEDIDOPKUSUARIOREG FOREIGN KEY(USUARIOREGISTRO) REFERENCES SCVNTUSUARIO(USERID);
ALTER TABLE SCVNTDETALLEPEDIDO ADD CONSTRAINT CODUSRFKSCVNTDETALLEPEDIDOPKUSUARIOMOD FOREIGN KEY(USUARIOMODIFICACION) REFERENCES SCVNTUSUARIO(USERID);
ALTER TABLE SCVNTDETALLEPEDIDO ADD CONSTRAINT CODPEDFKSCVNTDETALLEPEDIDOPKPEDIDO FOREIGN KEY(CODIGOCOMPANIA, CODIGOPEDIDO) REFERENCES SCVNTPEDIDO;
ALTER TABLE SCVNTDETALLEPEDIDO ADD CONSTRAINT CODARTFKSCVNTDETALLEPEDIDOPKARTICULO FOREIGN KEY(CODIGOCOMPANIA, CODIGOARTICULO) REFERENCES SCVNTARTICULO;
ALTER TABLE SCVNTDETALLEPEDIDO ADD CONSTRAINT COUNMAFKSCVNTDETALLEPEDIDOPKUNIDADMANEJO FOREIGN KEY(CODIGOCOMPANIA, CODIGOARTICULOUNIDADMANEJO) REFERENCES SCVNTARTICULOUNIDADMANEJO;

CREATE TABLE SCVNTESTADOPEDIDO(
	CODIGOCOMPANIA INTEGER NOT NULL,
	CODIGOESTADOPEDIDO DECIMAL(12 , 0) NOT NULL,
	CODIGOPEDIDO DECIMAL(12 , 0) NOT NULL,
	CODIGOVALORESTADOPEDIDO VARCHAR(3) NOT NULL,
	CODIGOTIPOESTADOPEDIDO INTEGER NOT NULL,
	FECHAINICIO TIMESTAMP NOT NULL,
	FECHAFIN TIMESTAMP,
	ESTADO VARCHAR(1) NOT NULL,
	USUARIOREGISTRO VARCHAR(32) NOT NULL,
	FECHAREGISTRO TIMESTAMP NOT NULL,
	USUARIOMODIFICACION VARCHAR(32),
	FECHAMODIFICACION TIMESTAMP,
	PRIMARY KEY(CODIGOCOMPANIA, CODIGOESTADOPEDIDO, CODIGOPEDIDO)	
);
ALTER TABLE SCVNTESTADOPEDIDO ADD CONSTRAINT CODCOMFKSCVNTESTADOPEDIDOPKCOMPANIA FOREIGN KEY(CODIGOCOMPANIA) REFERENCES SCVNTCOMPANIA;
ALTER TABLE SCVNTESTADOPEDIDO ADD CONSTRAINT CODUSRFKSCVNTESTADOPEDIDOPKUSUARIOREG FOREIGN KEY(USUARIOREGISTRO) REFERENCES SCVNTUSUARIO(USERID);
ALTER TABLE SCVNTESTADOPEDIDO ADD CONSTRAINT CODUSRFKSCVNTESTADOPEDIDOPKUSUARIOMOD FOREIGN KEY(USUARIOMODIFICACION) REFERENCES SCVNTUSUARIO(USERID);
ALTER TABLE SCVNTESTADOPEDIDO ADD CONSTRAINT CODPEDFKSCVNTESTADOPEDIDOPKPEDIDO FOREIGN KEY(CODIGOCOMPANIA, CODIGOPEDIDO) REFERENCES SCVNTPEDIDO;

CREATE TABLE SCVNTFACTURACABECERA(
	CODIGOCOMPANIA INTEGER NOT NULL,
	CODIGOFACTURA DECIMAL(12 , 0) NOT NULL,
	CODIGOREFERENCIAFACTURA VARCHAR(32),
	CODIGOPEDIDO DECIMAL(12 , 0), 
	CODIGOVENDEDOR DECIMAL(12 , 0), 
	NUMERODOCUMENTO VARCHAR(32),
	FECHADOCUMENTO TIMESTAMP NOT NULL,
	RUC VARCHAR(32) NOT NULL,
	NOMBRECLIENTEPROVEEDOR VARCHAR(64) NOT NULL,
	DIRECCION VARCHAR(64),
	TELEFONO VARCHAR(10),	
	PAGADO BOOLEAN,
	SUBTOTAL DECIMAL(12,4),
	DESCUENTO DECIMAL(12,4),
	TOTALSINIMPUESTOS DECIMAL(12 , 4),
	TOTALIMPUESTOS DECIMAL(12 , 4),
	TOTALIVA DECIMAL(12,4),
	TOTALCUENTA DECIMAL(12 , 4),
	CODIGOVALORTIPODOCUMENTO VARCHAR(3) NOT NULL,
	CODIGOTIPODOCUMENTO INTEGER NOT NULL,
	ESTADO VARCHAR(1) NOT NULL,	
	USUARIOREGISTRO VARCHAR(32) NOT NULL,
	FECHAREGISTRO TIMESTAMP NOT NULL,
	USUARIOMODIFICACION VARCHAR(32),
	FECHAMODIFICACION TIMESTAMP,
	PRIMARY KEY(CODIGOCOMPANIA, CODIGOFACTURA)	
);
ALTER TABLE SCVNTFACTURACABECERA ADD CONSTRAINT CODCOMFKSCVNTFACTURACABECERAPKCOMPANIA FOREIGN KEY(CODIGOCOMPANIA) REFERENCES SCVNTCOMPANIA;
ALTER TABLE SCVNTFACTURACABECERA ADD CONSTRAINT CODPEDFKSCVNFACTURACABECERAPKPEDIDO FOREIGN KEY(CODIGOCOMPANIA, CODIGOPEDIDO) REFERENCES SCVNTPEDIDO;
ALTER TABLE SCVNTFACTURACABECERA ADD CONSTRAINT CODVENFKSCVNFACTURACABECERAPKVENDEDOR FOREIGN KEY(CODIGOCOMPANIA, CODIGOVENDEDOR) REFERENCES SCVNTVENDEDOR;
ALTER TABLE SCVNTFACTURACABECERA ADD CONSTRAINT CODUSRFKSCVNTFACTURACABECERAPKUSUARIOREG FOREIGN KEY(USUARIOREGISTRO) REFERENCES SCVNTUSUARIO(USERID);
ALTER TABLE SCVNTFACTURACABECERA ADD CONSTRAINT CODUSRFKSCVNTFACTURACABECERAPKUSUARIOMOD FOREIGN KEY(USUARIOMODIFICACION) REFERENCES SCVNTUSUARIO(USERID);

CREATE TABLE SCVNTFACTURADETALLE(
	CODIGOCOMPANIA INTEGER NOT NULL,
	CODIGODETALLEFACTURA DECIMAL(12 , 0) NOT NULL,
	CODIGOFACTURA DECIMAL(12 , 0) NOT NULL,
	CODIGOARTICULO INTEGER, 
	CODIGOARTICULOUNIDADMANEJO INTEGER,
	CANTIDAD INTEGER NOT NULL,
	DESCRIPCION varchar(64) NOT NULL,
	VALORUNIDAD DECIMAL(12 , 4) NOT NULL,
	SUBTOTAL DECIMAL(12 , 4) NOT NULL,
	ESTADO VARCHAR(1) NOT NULL,	
	USUARIOREGISTRO VARCHAR(32) NOT NULL,
	FECHAREGISTRO TIMESTAMP NOT NULL,
	USUARIOMODIFICACION VARCHAR(32),
	FECHAMODIFICACION TIMESTAMP,
	PRIMARY KEY(CODIGOCOMPANIA, CODIGODETALLEFACTURA)	
);
ALTER TABLE SCVNTFACTURADETALLE ADD CONSTRAINT CODCOMFKSCVNTFACTURADETALLEPKCOMPANIA FOREIGN KEY(CODIGOCOMPANIA) REFERENCES SCVNTCOMPANIA;
ALTER TABLE SCVNTFACTURADETALLE ADD CONSTRAINT CODUSRFKSCVNTFACTURADETALLEPKUSUARIOREG FOREIGN KEY(USUARIOREGISTRO) REFERENCES SCVNTUSUARIO(USERID);
ALTER TABLE SCVNTFACTURADETALLE ADD CONSTRAINT CODUSRFKSCVNTFACTURADETALLEPKUSUARIOMOD FOREIGN KEY(USUARIOMODIFICACION) REFERENCES SCVNTUSUARIO(USERID);
ALTER TABLE SCVNTFACTURADETALLE ADD CONSTRAINT CODFACFKSCVNTFACTURADETALLEPKFACTURACAB FOREIGN KEY(CODIGOCOMPANIA, CODIGOFACTURA) REFERENCES SCVNTFACTURACABECERA;
ALTER TABLE SCVNTFACTURADETALLE ADD CONSTRAINT CODARTFKSCVNTFACTURADETALLEPKARTICULO FOREIGN KEY(CODIGOCOMPANIA, CODIGOARTICULO) REFERENCES SCVNTARTICULO;
ALTER TABLE SCVNTFACTURADETALLE ADD CONSTRAINT COUNMAFKSCVNTFACTURADETALLEPKUNIDADMANEJO FOREIGN KEY(CODIGOCOMPANIA, CODIGOARTICULOUNIDADMANEJO) REFERENCES SCVNTARTICULOUNIDADMANEJO;

CREATE TABLE SCVNTTRANSPORTISTA(
	CODIGOCOMPANIA INTEGER NOT NULL,
	CODIGOTRANSPORTISTA DECIMAL(12 , 0) NOT NULL,
	CODIGOPERSONA DECIMAL(12 , 0),
	CODIGOEMPRESA DECIMAL(12 , 0),
	CODIGOVALORTIPOTRANSPORTISTA VARCHAR(3) NOT NULL,
	CODIGOTIPOTRANSPORTISTA INTEGER NOT NULL,
	ESTADO VARCHAR(1) NOT NULL,	
	USUARIOREGISTRO VARCHAR(32) NOT NULL,
	FECHAREGISTRO TIMESTAMP NOT NULL,
	USUARIOMODIFICACION VARCHAR(32),
	FECHAMODIFICACION TIMESTAMP,
	PRIMARY KEY(CODIGOCOMPANIA, CODIGOTRANSPORTISTA)
);
ALTER TABLE SCVNTTRANSPORTISTA ADD CONSTRAINT CODCOMFKSCVNTTRANSPORTISTAPKCOMPANIA FOREIGN KEY(CODIGOCOMPANIA) REFERENCES SCVNTCOMPANIA;
ALTER TABLE SCVNTTRANSPORTISTA ADD CONSTRAINT CODUSRFKSCVNTTRANSPORTISTAPKUSUARIOREG FOREIGN KEY(USUARIOREGISTRO) REFERENCES SCVNTUSUARIO(USERID);
ALTER TABLE SCVNTTRANSPORTISTA ADD CONSTRAINT CODUSRFKSCVNTTRANSPORTISTAPKUSUARIOMOD FOREIGN KEY(USUARIOMODIFICACION) REFERENCES SCVNTUSUARIO(USERID);
ALTER TABLE SCVNTTRANSPORTISTA ADD CONSTRAINT CODPERFKSCVNTTRANSPORTISTAPKPERSONA FOREIGN KEY(CODIGOCOMPANIA, CODIGOPERSONA) REFERENCES SCVNTPERSONA;
ALTER TABLE SCVNTTRANSPORTISTA ADD CONSTRAINT CODEMPFKSCVNTTRANSPORTISTAPKEMPRESA FOREIGN KEY(CODIGOCOMPANIA, CODIGOEMPRESA) REFERENCES SCVNTEMPRESA;

CREATE TABLE SCVNTVEHICULO(
	CODIGOCOMPANIA INTEGER NOT NULL,
	CODIGOVEHICULO DECIMAL(12 , 0) NOT NULL,
	CODIGOTRANSPORTISTA DECIMAL(12 , 0) NOT NULL,
	PLACA VARCHAR(32) NOT NULL,
	MARCA VARCHAR(32),
	COLOR VARCHAR(32),
	MODELO VARCHAR(32),	
	CODIGOVALORTIPOVEHICULO VARCHAR(3),
	CODIGOTIPOVEHICULO INTEGER,
	ESTADO VARCHAR(1) NOT NULL,	
	USUARIOREGISTRO VARCHAR(32) NOT NULL,
	FECHAREGISTRO TIMESTAMP NOT NULL,
	USUARIOMODIFICACION VARCHAR(32),
	FECHAMODIFICACION TIMESTAMP,
	PRIMARY KEY(CODIGOCOMPANIA, CODIGOVEHICULO)
);
ALTER TABLE SCVNTVEHICULO ADD CONSTRAINT CODCOMFKSCVNTVEHICULOPKCOMPANIA FOREIGN KEY(CODIGOCOMPANIA) REFERENCES SCVNTCOMPANIA;
ALTER TABLE SCVNTVEHICULO ADD CONSTRAINT CODUSRFKSCVNTVEHICULOPKUSUARIOREG FOREIGN KEY(USUARIOREGISTRO) REFERENCES SCVNTUSUARIO(USERID);
ALTER TABLE SCVNTVEHICULO ADD CONSTRAINT CODUSRFKSCVNTVEHICULOPKUSUARIOMOD FOREIGN KEY(USUARIOMODIFICACION) REFERENCES SCVNTUSUARIO(USERID);
ALTER TABLE SCVNTVEHICULO ADD CONSTRAINT CODPERFKSCVNTVEHICULOPKTRANSPORTISTA FOREIGN KEY(CODIGOCOMPANIA, CODIGOTRANSPORTISTA) REFERENCES SCVNTTRANSPORTISTA;

CREATE TABLE SCVNTCHOFER(
	CODIGOCOMPANIA INTEGER NOT NULL,
	CODIGOCHOFER DECIMAL(12 , 0) NOT NULL,
	CODIGOPERSONA DECIMAL(12 , 0) NOT NULL,
	CODIGOTRANSPORTISTA DECIMAL(12 , 0) NOT NULL,
	CODIGOVALORTIPOLICENCIA VARCHAR(3) NOT NULL,
	CODIGOTIPOLICENCIA INTEGER NOT NULL,
	FECHACADUCIDADLICENCIA TIMESTAMP NOT NULL,
	ESTADO VARCHAR(1) NOT NULL,	
	USUARIOREGISTRO VARCHAR(32) NOT NULL,
	FECHAREGISTRO TIMESTAMP NOT NULL,
	USUARIOMODIFICACION VARCHAR(32),
	FECHAMODIFICACION TIMESTAMP,
	PRIMARY KEY(CODIGOCOMPANIA, CODIGOCHOFER)
);
ALTER TABLE SCVNTCHOFER ADD CONSTRAINT CODCOMFKSCVNTCHOFERPKCOMPANIA FOREIGN KEY(CODIGOCOMPANIA) REFERENCES SCVNTCOMPANIA;
ALTER TABLE SCVNTCHOFER ADD CONSTRAINT CODUSRFKSCVNTCHOFERPKUSUARIOREG FOREIGN KEY(USUARIOREGISTRO) REFERENCES SCVNTUSUARIO(USERID);
ALTER TABLE SCVNTCHOFER ADD CONSTRAINT CODUSRFKSCVNTCHOFERPKUSUARIOMOD FOREIGN KEY(USUARIOMODIFICACION) REFERENCES SCVNTUSUARIO(USERID);
ALTER TABLE SCVNTCHOFER ADD CONSTRAINT CODPERFKSCVNTCHOFERPKPERSONA FOREIGN KEY(CODIGOCOMPANIA, CODIGOPERSONA) REFERENCES SCVNTPERSONA;
ALTER TABLE SCVNTCHOFER ADD CONSTRAINT CODPERFKSCVNTCHOFERPKTRANSPORTISTA FOREIGN KEY(CODIGOCOMPANIA, CODIGOTRANSPORTISTA) REFERENCES SCVNTTRANSPORTISTA;

CREATE TABLE SCVNTVEHICULOCHOFER(
	CODIGOCOMPANIA INTEGER NOT NULL,
	CODIGOVEHICULOCHOFER DECIMAL(12 , 0) NOT NULL,
	CODIGOVEHICULO DECIMAL(12 , 0) NOT NULL,
	CODIGOCHOFER DECIMAL(12 , 0) NOT NULL,
	CODIGOVALORTIPOCHOFER VARCHAR(3) NOT NULL,
	CODIGOTIPOCHOFER INTEGER NOT NULL,
	DESCRIPCION VARCHAR(64),
	ESTADO VARCHAR(1) NOT NULL,	
	USUARIOREGISTRO VARCHAR(32) NOT NULL,
	FECHAREGISTRO TIMESTAMP NOT NULL,
	USUARIOMODIFICACION VARCHAR(32),
	FECHAMODIFICACION TIMESTAMP,
	PRIMARY KEY(CODIGOCOMPANIA, CODIGOVEHICULOCHOFER)
);
ALTER TABLE SCVNTVEHICULOCHOFER ADD CONSTRAINT CODCOMFKSCVNTVEHICULOCHOFERPKCOMPANIA FOREIGN KEY(CODIGOCOMPANIA) REFERENCES SCVNTCOMPANIA;
ALTER TABLE SCVNTVEHICULOCHOFER ADD CONSTRAINT CODUSRFKSCVNTVEHICULOCHOFERPKUSUARIOREG FOREIGN KEY(USUARIOREGISTRO) REFERENCES SCVNTUSUARIO(USERID);
ALTER TABLE SCVNTVEHICULOCHOFER ADD CONSTRAINT CODUSRFKSCVNTVEHICULOCHOFERPKUSUARIOMOD FOREIGN KEY(USUARIOMODIFICACION) REFERENCES SCVNTUSUARIO(USERID);
ALTER TABLE SCVNTVEHICULOCHOFER ADD CONSTRAINT CODPERFKSCVNTVEHICULOCHOFERPKCHOFER FOREIGN KEY(CODIGOCOMPANIA, CODIGOCHOFER) REFERENCES SCVNTCHOFER;
ALTER TABLE SCVNTVEHICULOCHOFER ADD CONSTRAINT CODPERFKSCVNTVEHICULOCHOFERPKVEHICULO FOREIGN KEY(CODIGOCOMPANIA, CODIGOVEHICULO) REFERENCES SCVNTVEHICULO;

CREATE TABLE SCVNTGUIADESPACHO(
	CODIGOCOMPANIA INTEGER NOT NULL,
	CODIGOGUIADESPACHO DECIMAL(12 , 0) NOT NULL,
	NUMEROGUIADESPACHO VARCHAR(32) NOT NULL,
	FECHADESPACHO TIMESTAMP NOT NULL,
	PLACA VARCHAR(32) NOT NULL,
	MARCA VARCHAR(32),
	RUCTRANSPORTISTA VARCHAR(32) NOT NULL,
	NOMBRETRANSPORTISTA VARCHAR(64) NOT NULL,
	DOCUMENTOCHOFERA VARCHAR(32) NOT NULL,
	NOMBRECHOFERA VARCHAR(64) NOT NULL,
	DOCUMENTOCHOFERB VARCHAR(32),
	NOMBRECHOFERB VARCHAR(64),
	ESTADO VARCHAR(1) NOT NULL,	
	USUARIOREGISTRO VARCHAR(32) NOT NULL,
	FECHAREGISTRO TIMESTAMP NOT NULL,
	USUARIOMODIFICACION VARCHAR(32),
	FECHAMODIFICACION TIMESTAMP,
	PRIMARY KEY(CODIGOCOMPANIA, CODIGOGUIADESPACHO)
);
ALTER TABLE SCVNTGUIADESPACHO ADD CONSTRAINT CODCOMFKSCVNTGUIADESPACHOPKCOMPANIA FOREIGN KEY(CODIGOCOMPANIA) REFERENCES SCVNTCOMPANIA;
ALTER TABLE SCVNTGUIADESPACHO ADD CONSTRAINT CODUSRFKSCVNTGUIADESPACHOPKUSUARIOREG FOREIGN KEY(USUARIOREGISTRO) REFERENCES SCVNTUSUARIO(USERID);
ALTER TABLE SCVNTGUIADESPACHO ADD CONSTRAINT CODUSRFKSCVNTGUIADESPACHOPKUSUARIOMOD FOREIGN KEY(USUARIOMODIFICACION) REFERENCES SCVNTUSUARIO(USERID);


CREATE TABLE SCVNTGUIADESPACHOPEDIDO(
	CODIGOCOMPANIA INTEGER NOT NULL,
	CODIGOGUIADESPACHOPEDIDO DECIMAL(12 , 0) NOT NULL,
	CODIGOGUIADESPACHO DECIMAL(12 , 0) NOT NULL,
	CODIGOPEDIDO DECIMAL(12 , 0) NOT NULL,
	ORDEN INTEGER NOT NULL,
	OBSERVACION VARCHAR(64),
	ESTADO VARCHAR(1) NOT NULL,	
	USUARIOREGISTRO VARCHAR(32) NOT NULL,
	FECHAREGISTRO TIMESTAMP NOT NULL,
	USUARIOMODIFICACION VARCHAR(32),
	FECHAMODIFICACION TIMESTAMP,
	PRIMARY KEY(CODIGOCOMPANIA, CODIGOGUIADESPACHOPEDIDO)	
);
ALTER TABLE SCVNTGUIADESPACHOPEDIDO ADD CONSTRAINT CODCOMFKSCVNTGUIADESPACHOPEDIDOPKCOMPANIA FOREIGN KEY(CODIGOCOMPANIA) REFERENCES SCVNTCOMPANIA;
ALTER TABLE SCVNTGUIADESPACHOPEDIDO ADD CONSTRAINT CODUSRFKSCVNTGUIADESPACHOPEDIDOPKUSUARIOREG FOREIGN KEY(USUARIOREGISTRO) REFERENCES SCVNTUSUARIO(USERID);
ALTER TABLE SCVNTGUIADESPACHOPEDIDO ADD CONSTRAINT CODUSRFKSCVNTGUIADESPACHOPEDIDOPKUSUARIOMOD FOREIGN KEY(USUARIOMODIFICACION) REFERENCES SCVNTUSUARIO(USERID);
ALTER TABLE SCVNTGUIADESPACHOPEDIDO ADD CONSTRAINT CODPEDFKSCVNTGUIADESPACHOPEDIDOPKGUIADESP FOREIGN KEY(CODIGOCOMPANIA, CODIGOGUIADESPACHO) REFERENCES SCVNTGUIADESPACHO;
ALTER TABLE SCVNTGUIADESPACHOPEDIDO ADD CONSTRAINT CODPEDFKSCVNTGUIADESPACHOPEDIDOPKPEDIDO FOREIGN KEY(CODIGOCOMPANIA, CODIGOPEDIDO) REFERENCES SCVNTPEDIDO;

CREATE TABLE SCVNTGUIADESPACHOEXTRAS(
	CODIGOCOMPANIA INTEGER NOT NULL,
	CODIGOGUIADESPACHOEXTRA DECIMAL(12 , 0) NOT NULL,
	CODIGOGUIADESPACHO DECIMAL(12 , 0) NOT NULL,
	CODIGOARTICULO INTEGER NOT NULL,
	CODIGOARTICULOUNIDADMANEJO INTEGER,
	DESCRIPCIONPRODUCTO VARCHAR(64) NOT NULL,
	CANTIDAD INTEGER NOT NULL,
	OBSERVACION VARCHAR(64),
	ESTADO VARCHAR(1) NOT NULL,	
	USUARIOREGISTRO VARCHAR(32) NOT NULL,
	FECHAREGISTRO TIMESTAMP NOT NULL,
	USUARIOMODIFICACION VARCHAR(32),
	FECHAMODIFICACION TIMESTAMP,
	PRIMARY KEY(CODIGOCOMPANIA, CODIGOGUIADESPACHOEXTRA)
);
ALTER TABLE SCVNTGUIADESPACHOEXTRAS ADD CONSTRAINT CODCOMFKSCVNTGUIADESPACHOEXTRASPKCOMPANIA FOREIGN KEY(CODIGOCOMPANIA) REFERENCES SCVNTCOMPANIA;
ALTER TABLE SCVNTGUIADESPACHOEXTRAS ADD CONSTRAINT CODUSRFKSCVNTGUIADESPACHOEXTRASPKUSUARIOREG FOREIGN KEY(USUARIOREGISTRO) REFERENCES SCVNTUSUARIO(USERID);
ALTER TABLE SCVNTGUIADESPACHOEXTRAS ADD CONSTRAINT CODUSRFKSCVNTGUIADESPACHOEXTRASPKUSUARIOMOD FOREIGN KEY(USUARIOMODIFICACION) REFERENCES SCVNTUSUARIO(USERID);
ALTER TABLE SCVNTGUIADESPACHOEXTRAS ADD CONSTRAINT CODPEDFKSCVNTGUIADESPACHOEXTRASPKGUIADESP FOREIGN KEY(CODIGOCOMPANIA, CODIGOGUIADESPACHO) REFERENCES SCVNTGUIADESPACHO;
ALTER TABLE SCVNTGUIADESPACHOEXTRAS ADD CONSTRAINT CODPEDFKSCVNTGUIADESPACHOEXTRASPKARTICULO FOREIGN KEY(CODIGOCOMPANIA, CODIGOARTICULO) REFERENCES SCVNTARTICULO (CODIGOCOMPANIA, CODIGOARTICULO);
ALTER TABLE SCVNTGUIADESPACHOEXTRAS ADD CONSTRAINT COUNMAFKSCVNTGUIADESPACHOEXTRASPKUNIDADMANEJO FOREIGN KEY(CODIGOCOMPANIA, CODIGOARTICULOUNIDADMANEJO) REFERENCES SCVNTARTICULOUNIDADMANEJO;

CREATE TABLE SCVNTGUIADESPACHODETALLE(
	CODIGOCOMPANIA INTEGER NOT NULL,
	CODIGOGUIADESPACHODETALLE DECIMAL(12 , 0) NOT NULL,
	CODIGOGUIADESPACHO DECIMAL(12 , 0) NOT NULL,
	CODIGOARTICULO INTEGER NOT NULL,
	CODIGOARTICULOUNIDADMANEJO INTEGER,
	DESCRIPCIONPRODUCTO VARCHAR(64) NOT NULL,
	CANTIDAD INTEGER NOT NULL,
	OBSERVACION VARCHAR(64),
	ESTADO VARCHAR(1) NOT NULL,	
	USUARIOREGISTRO VARCHAR(32) NOT NULL,
	FECHAREGISTRO TIMESTAMP NOT NULL,
	USUARIOMODIFICACION VARCHAR(32),
	FECHAMODIFICACION TIMESTAMP,
	PRIMARY KEY(CODIGOCOMPANIA, CODIGOGUIADESPACHODETALLE)
);
ALTER TABLE SCVNTGUIADESPACHODETALLE ADD CONSTRAINT CODCOMFKSCVNTGUIADESPACHODETALLEPKCOMPANIA FOREIGN KEY(CODIGOCOMPANIA) REFERENCES SCVNTCOMPANIA;
ALTER TABLE SCVNTGUIADESPACHODETALLE ADD CONSTRAINT CODUSRFKSCVNTGUIADESPACHODETALLEPKUSUARIOREG FOREIGN KEY(USUARIOREGISTRO) REFERENCES SCVNTUSUARIO(USERID);
ALTER TABLE SCVNTGUIADESPACHODETALLE ADD CONSTRAINT CODUSRFKSCVNTGUIADESPACHODETALLEPKUSUARIOMOD FOREIGN KEY(USUARIOMODIFICACION) REFERENCES SCVNTUSUARIO(USERID);
ALTER TABLE SCVNTGUIADESPACHODETALLE ADD CONSTRAINT CODPEDFKSCVNTGUIADESPACHODETALLEPKGUIADESP FOREIGN KEY(CODIGOCOMPANIA, CODIGOGUIADESPACHO) REFERENCES SCVNTGUIADESPACHO;
ALTER TABLE SCVNTGUIADESPACHODETALLE ADD CONSTRAINT CODPEDFKSCVNTGUIADESPACHODETALLEPKARTICULO FOREIGN KEY(CODIGOCOMPANIA, CODIGOARTICULO) REFERENCES SCVNTARTICULO (CODIGOCOMPANIA, CODIGOARTICULO);
ALTER TABLE SCVNTGUIADESPACHODETALLE ADD CONSTRAINT COUNMAFKSCVNTGUIADESPACHODETALLEPKUNIDADMANEJO FOREIGN KEY(CODIGOCOMPANIA, CODIGOARTICULOUNIDADMANEJO) REFERENCES SCVNTARTICULOUNIDADMANEJO;

CREATE TABLE SCVNTINVETARIO(
	CODIGOCOMPANIA INTEGER NOT NULL,
	CODIGOINVENTARIO DECIMAL(12,0) NOT NULL,
	CODIGOARTICULO INTEGER NOT NULL,
	CODIGOARTICULOUNIDADMANEJO INTEGER,
	FECHAMOVIMIENTO TIMESTAMP NOT NULL,
	DETALLEMOVIMIENTO VARCHAR(128) NOT NULL,
	CANTIDADENTRADA INTEGER,
	VALORUNIDADENTRADA DECIMAL(12 , 4),
	VALORTOTALENTRADA DECIMAL(12 , 4),	
	CANTIDADSALIDA INTEGER,
	VALORUNIDADSALIDA DECIMAL(12 , 4),
	VALORTOTALSALIDA DECIMAL(12 , 4),		
	CANTIDADEXISTENCIA INTEGER,
	VALORUNIDADEXISTENCIA DECIMAL(12 , 4),
	VALORTOTALEXISTENCIA DECIMAL(12 , 4),
	ESULTIMOREGISTRO VARCHAR(1) NOT NULL,
	ESTADO VARCHAR(1) NOT NULL,	
	USUARIOREGISTRO VARCHAR(32) NOT NULL,
	FECHAREGISTRO TIMESTAMP NOT NULL,
	USUARIOMODIFICACION VARCHAR(32),
	FECHAMODIFICACION TIMESTAMP
);

ALTER TABLE SCVNTINVETARIO ADD CONSTRAINT CODCOMFKSCVNTINVETARIOPKCOMPANIA FOREIGN KEY(CODIGOCOMPANIA) REFERENCES SCVNTCOMPANIA;
ALTER TABLE SCVNTINVETARIO ADD CONSTRAINT CODUSRFKSCVNTINVETARIOPKUSUARIOREG FOREIGN KEY(USUARIOREGISTRO) REFERENCES SCVNTUSUARIO(USERID);
ALTER TABLE SCVNTINVETARIO ADD CONSTRAINT CODUSRFKSCVNTINVETARIOPKUSUARIOMOD FOREIGN KEY(USUARIOMODIFICACION) REFERENCES SCVNTUSUARIO(USERID);
ALTER TABLE SCVNTINVETARIO ADD CONSTRAINT CODPEDFKSCVNTINVETARIOPKARTICULO FOREIGN KEY(CODIGOCOMPANIA, CODIGOARTICULO) REFERENCES SCVNTARTICULO (CODIGOCOMPANIA, CODIGOARTICULO);
ALTER TABLE SCVNTINVETARIO ADD CONSTRAINT COUNMAFKSCVNTINVETARIOPKUNIDADMANEJO FOREIGN KEY(CODIGOCOMPANIA, CODIGOARTICULOUNIDADMANEJO) REFERENCES SCVNTARTICULOUNIDADMANEJO;

CREATE TABLE SCVNTTTRANSACCION(
	CODIGOCOMPANIA INTEGER NOT NULL,
	CODIGOTRANSACCION DECIMAL(12 , 0) NOT NULL,
	NUMEROTRANSACCION VARCHAR(32) NOT NULL,
	VALORTRANSACCION DECIMAL(12 , 4),
	CONCEPTO VARCHAR(128),
	CODIGOVALORTRANSACCION VARCHAR(3) NOT NULL,
	CODIGOTIPOTRANSACCION INTEGER NOT NULL,
	FECHATRANSACCION TIMESTAMP NOT NULL,
	ESTADO VARCHAR(1) NOT NULL,
	USUARIOREGISTRO VARCHAR(32) NOT NULL,
	FECHAREGISTRO TIMESTAMP NOT NULL,
	USUARIOMODIFICACION VARCHAR(32),
	FECHAMODIFICACION TIMESTAMP,
	PRIMARY KEY(CODIGOCOMPANIA, CODIGOTRANSACCION)
);
ALTER TABLE SCVNTTTRANSACCION ADD CONSTRAINT CODCOMFKSCVNTTTRANSACCIONPKCOMPANIA FOREIGN KEY(CODIGOCOMPANIA) REFERENCES SCVNTCOMPANIA;
ALTER TABLE SCVNTTTRANSACCION ADD CONSTRAINT CODUSRFKSCVNTTTRANSACCIONPKUSUARIOREG FOREIGN KEY(USUARIOREGISTRO) REFERENCES SCVNTUSUARIO(USERID);
ALTER TABLE SCVNTTTRANSACCION ADD CONSTRAINT CODUSRFKSCVNTTTRANSACCIONPKUSUARIOMOD FOREIGN KEY(USUARIOMODIFICACION) REFERENCES SCVNTUSUARIO(USERID);


CREATE TABLE SCVNTPAGOSFACTURA(
	CODIGOCOMPANIA INTEGER NOT NULL,
	CODIGOPAGO DECIMAL(12 , 0) NOT NULL,
	CODIGOFACTURA DECIMAL(12 , 0) NOT NULL,
	VALORPAGO DECIMAL(12 , 4),
	DESCRIPCION VARCHAR(128),
	FECHAPAGO TIMESTAMP NOT NULL,
	ESTADO VARCHAR(1) NOT NULL,
	USUARIOREGISTRO VARCHAR(32) NOT NULL,
	FECHAREGISTRO TIMESTAMP NOT NULL,
	USUARIOMODIFICACION VARCHAR(32),
	FECHAMODIFICACION TIMESTAMP,
	PRIMARY KEY(CODIGOCOMPANIA, CODIGOPAGO)	
);

ALTER TABLE SCVNTPAGOSFACTURA ADD CONSTRAINT CODCOMFKSCVNTTPAGOSFACTURAPKCOMPANIA FOREIGN KEY(CODIGOCOMPANIA) REFERENCES SCVNTCOMPANIA;
ALTER TABLE SCVNTPAGOSFACTURA ADD CONSTRAINT CODFACFKSCVNTTPAGOSFACTURAPKFACCAB FOREIGN KEY(CODIGOCOMPANIA, CODIGOFACTURA) REFERENCES SCVNTFACTURACABECERA;
ALTER TABLE SCVNTPAGOSFACTURA ADD CONSTRAINT CODUSRFKSCVNTTPAGOSFACTURAPKUSUARIOREG FOREIGN KEY(USUARIOREGISTRO) REFERENCES SCVNTUSUARIO(USERID);
ALTER TABLE SCVNTPAGOSFACTURA ADD CONSTRAINT CODUSRFKSCVNTTPAGOSFACTURAPKUSUARIOMOD FOREIGN KEY(USUARIOMODIFICACION) REFERENCES SCVNTUSUARIO(USERID);

CREATE TABLE SCVNTVENDEDOR(
	CODIGOCOMPANIA INTEGER NOT NULL,
	CODIGOVENDEDOR DECIMAL(12 , 0) NOT NULL,
	CODIGOPERSONA DECIMAL(12 , 0) NOT NULL,
	ESTADO VARCHAR(1) NOT NULL,	
	USUARIOREGISTRO VARCHAR(32) NOT NULL,
	FECHAREGISTRO TIMESTAMP NOT NULL,
	USUARIOMODIFICACION VARCHAR(32),
	FECHAMODIFICACION TIMESTAMP,
	PRIMARY KEY(CODIGOCOMPANIA, CODIGOVENDEDOR)
);
ALTER TABLE SCVNTVENDEDOR ADD CONSTRAINT CODCOMFKSCVNTVENDEDORPKCOMPANIA FOREIGN KEY(CODIGOCOMPANIA) REFERENCES SCVNTCOMPANIA;
ALTER TABLE SCVNTVENDEDOR ADD CONSTRAINT CODUSRFKSCVNTVENDEDORPKUSUARIOREG FOREIGN KEY(USUARIOREGISTRO) REFERENCES SCVNTUSUARIO(USERID);
ALTER TABLE SCVNTVENDEDOR ADD CONSTRAINT CODUSRFKSCVNTVENDEDORPKUSUARIOMOD FOREIGN KEY(USUARIOMODIFICACION) REFERENCES SCVNTUSUARIO(USERID);
ALTER TABLE SCVNTVENDEDOR ADD CONSTRAINT CODPERFKSCVNTVENDEDORPKPERSONA FOREIGN KEY(CODIGOCOMPANIA, CODIGOPERSONA) REFERENCES SCVNTPERSONA;

-----------------------SCRIPTS ADICIONALES------------------------
ALTER TABLE SCVNTARTICULO ADD COLUMN PRECIOMINORISTA DECIMAL(12,4);
ALTER TABLE SCVNTCLIENTE ADD COLUMN CODIGOVALORTIPOCOMPRA VARCHAR(3);
ALTER TABLE SCVNTCLIENTE ADD COLUMN CODIGOTIPOCOMPRA INTEGER;
	
INSERT INTO SCVNTCATALOGOVALOR(CODIGOCATALOGOVALOR,CODIGOCATALOGOTIPO, NOMBRECATALOGOVALOR, ESTADO) VALUES('MAY', 11, 'MAYORISTA', '1');
INSERT INTO SCVNTCATALOGOVALOR(CODIGOCATALOGOVALOR,CODIGOCATALOGOTIPO, NOMBRECATALOGOVALOR, ESTADO) VALUES('MIN', 11, 'MINORISTA', '1');

-----------------------------------
--- Actualizar detalle unidad por defecto
-----------------------------------
update scvntfacturadetalle set codigoarticulounidadmanejo = (
select codigoarticulounidadmanejo from scvntarticulounidadmanejo
where scvntfacturadetalle.codigoarticulo = codigoarticulo and espordefecto = true 
) where codigoarticulounidadmanejo is null and estado = '1';


update scvntinvetario set codigoarticulounidadmanejo = (
select codigoarticulounidadmanejo from scvntarticulounidadmanejo
where scvntinvetario.codigoarticulo = codigoarticulo and espordefecto = true 
) where codigoarticulounidadmanejo is null and estado = '1';

update scvntdetallepedido set codigoarticulounidadmanejo = (
select codigoarticulounidadmanejo from scvntarticulounidadmanejo
where scvntdetallepedido.codigoarticulo = codigoarticulo and espordefecto = true 
) where codigoarticulounidadmanejo is null and estado = '1';

update scvntguiadespachodetalle set codigoarticulounidadmanejo = (
select codigoarticulounidadmanejo from scvntarticulounidadmanejo
where scvntguiadespachodetalle.codigoarticulo = codigoarticulo and espordefecto = true 
) where codigoarticulounidadmanejo is null and estado = '1';

update scvntguiadespachoextras set codigoarticulounidadmanejo = (
select codigoarticulounidadmanejo from scvntarticulounidadmanejo
where scvntguiadespachoextras.codigoarticulo = codigoarticulo and espordefecto = true 
) where codigoarticulounidadmanejo is null and estado = '1';
update scvntinvetario set valortotalexistencia = (cantidadexistencia * valorunidadexistencia );
-----------------------------------

insert into scvntarticulounidadmanejo (codigocompania, codigoarticulounidadmanejo, codigoarticulo, valorunidadmanejo, codigovalorunidadmanejo, codigotipounidadmanejo, espordefecto, estado, usuarioregistro, fecharegistro)
values(1, 5, 2, 1, 'UNI', 10, true, 1, 'USR1', CURRENT_TIMESTAMP);
insert into scvntarticulounidadmanejo (codigocompania, codigoarticulounidadmanejo, codigoarticulo, valorunidadmanejo, codigovalorunidadmanejo, codigotipounidadmanejo, espordefecto, estado, usuarioregistro, fecharegistro)
values(1, 6, 3, 1, 'UNI', 10, true, 1, 'USR1', CURRENT_TIMESTAMP);
insert into scvntarticulounidadmanejo (codigocompania, codigoarticulounidadmanejo, codigoarticulo, valorunidadmanejo, codigovalorunidadmanejo, codigotipounidadmanejo, espordefecto, estado, usuarioregistro, fecharegistro)
values(1, 7, 4, 1, 'UNI', 10, true, 1, 'USR1', CURRENT_TIMESTAMP);
insert into scvntarticulounidadmanejo (codigocompania, codigoarticulounidadmanejo, codigoarticulo, valorunidadmanejo, codigovalorunidadmanejo, codigotipounidadmanejo, espordefecto, estado, usuarioregistro, fecharegistro)
values(1, 8, 5, 1, 'UNI', 10, true, 1, 'USR1', CURRENT_TIMESTAMP);
insert into scvntarticulounidadmanejo (codigocompania, codigoarticulounidadmanejo, codigoarticulo, valorunidadmanejo, codigovalorunidadmanejo, codigotipounidadmanejo, espordefecto, estado, usuarioregistro, fecharegistro)
values(1, 9, 6, 1, 'UNI', 10, true, 1, 'USR1', CURRENT_TIMESTAMP);
insert into scvntarticulounidadmanejo (codigocompania, codigoarticulounidadmanejo, codigoarticulo, valorunidadmanejo, codigovalorunidadmanejo, codigotipounidadmanejo, espordefecto, estado, usuarioregistro, fecharegistro)
values(1, 10, 7, 1, 'UNI', 10, true, 1, 'USR1', CURRENT_TIMESTAMP);
insert into scvntarticulounidadmanejo (codigocompania, codigoarticulounidadmanejo, codigoarticulo, valorunidadmanejo, codigovalorunidadmanejo, codigotipounidadmanejo, espordefecto, estado, usuarioregistro, fecharegistro)
values(1, 11, 8, 1, 'UNI', 10, true, 1, 'USR1', CURRENT_TIMESTAMP);
insert into scvntarticulounidadmanejo (codigocompania, codigoarticulounidadmanejo, codigoarticulo, valorunidadmanejo, codigovalorunidadmanejo, codigotipounidadmanejo, espordefecto, estado, usuarioregistro, fecharegistro)
values(1, 12, 9, 1, 'UNI', 10, true, 1, 'USR1', CURRENT_TIMESTAMP);
insert into scvntarticulounidadmanejo (codigocompania, codigoarticulounidadmanejo, codigoarticulo, valorunidadmanejo, codigovalorunidadmanejo, codigotipounidadmanejo, espordefecto, estado, usuarioregistro, fecharegistro)
values(1, 13, 10, 1, 'UNI', 10, true, 1, 'USR1', CURRENT_TIMESTAMP);
insert into scvntarticulounidadmanejo (codigocompania, codigoarticulounidadmanejo, codigoarticulo, valorunidadmanejo, codigovalorunidadmanejo, codigotipounidadmanejo, espordefecto, estado, usuarioregistro, fecharegistro)
values(1, 14, 11, 1, 'UNI', 10, true, 1, 'USR1', CURRENT_TIMESTAMP);
insert into scvntarticulounidadmanejo (codigocompania, codigoarticulounidadmanejo, codigoarticulo, valorunidadmanejo, codigovalorunidadmanejo, codigotipounidadmanejo, espordefecto, estado, usuarioregistro, fecharegistro)
values(1, 15, 12, 1, 'UNI', 10, true, 1, 'USR1', CURRENT_TIMESTAMP);
insert into scvntarticulounidadmanejo (codigocompania, codigoarticulounidadmanejo, codigoarticulo, valorunidadmanejo, codigovalorunidadmanejo, codigotipounidadmanejo, espordefecto, estado, usuarioregistro, fecharegistro)
values(1, 16, 13, 1, 'UNI', 10, true, 1, 'USR1', CURRENT_TIMESTAMP);
insert into scvntarticulounidadmanejo (codigocompania, codigoarticulounidadmanejo, codigoarticulo, valorunidadmanejo, codigovalorunidadmanejo, codigotipounidadmanejo, espordefecto, estado, usuarioregistro, fecharegistro)
values(1, 17, 14, 1, 'UNI', 10, true, 1, 'USR1', CURRENT_TIMESTAMP);
insert into scvntarticulounidadmanejo (codigocompania, codigoarticulounidadmanejo, codigoarticulo, valorunidadmanejo, codigovalorunidadmanejo, codigotipounidadmanejo, espordefecto, estado, usuarioregistro, fecharegistro)
values(1, 18, 15, 1, 'UNI', 10, true, 1, 'USR1', CURRENT_TIMESTAMP);
insert into scvntarticulounidadmanejo (codigocompania, codigoarticulounidadmanejo, codigoarticulo, valorunidadmanejo, codigovalorunidadmanejo, codigotipounidadmanejo, espordefecto, estado, usuarioregistro, fecharegistro)
values(1, 19, 16, 1, 'UNI', 10, true, 1, 'USR1', CURRENT_TIMESTAMP);
insert into scvntarticulounidadmanejo (codigocompania, codigoarticulounidadmanejo, codigoarticulo, valorunidadmanejo, codigovalorunidadmanejo, codigotipounidadmanejo, espordefecto, estado, usuarioregistro, fecharegistro)
values(1, 20, 17, 1, 'UNI', 10, true, 1, 'USR1', CURRENT_TIMESTAMP);
insert into scvntarticulounidadmanejo (codigocompania, codigoarticulounidadmanejo, codigoarticulo, valorunidadmanejo, codigovalorunidadmanejo, codigotipounidadmanejo, espordefecto, estado, usuarioregistro, fecharegistro)
values(1, 21, 18, 1, 'UNI', 10, true, 1, 'USR1', CURRENT_TIMESTAMP);
insert into scvntarticulounidadmanejo (codigocompania, codigoarticulounidadmanejo, codigoarticulo, valorunidadmanejo, codigovalorunidadmanejo, codigotipounidadmanejo, espordefecto, estado, usuarioregistro, fecharegistro)
values(1, 22, 19, 1, 'UNI', 10, true, 1, 'USR1', CURRENT_TIMESTAMP);